shape,account_number,product_code,status,account_type_code,app_no,acc_type,branch_code,balance,max_credit_limit,cancel_reason,country_id,edr_ind,pre_ind,process_status,status_reason,ucn,client_id
COLLECTIONS,62085856711390458,FNBRF,AAUT,,2590451916851902005,CACC,250205,100000.00,,,1,false,false,ACTIVE,,100000000205,2
COLLECTIONS,62090449463877041,FNBRF,AAUT,,2590451916851902010,CACC,250205,300000.00,,,1,false,false,ACTIVE,,100000000210,2
COLLECTIONS,62114052700219584,FNBRF,AAUT,,2590451916851902001,CACC,250205,75000.00,,,1,false,false,ACTIVE,,100000000201,2
COLLECTIONS,62194840710758320,FNBRF,AAUT,,2590451916851902003,CACC,250205,150000.00,,,1,false,false,ACTIVE,,100000000203,2
COLLECTIONS,62302525712117412,FNBRF,AAUT,,2590451916851902006,CACC,250205,10000.00,,,1,false,false,ACTIVE,,100000000206,2
COLLECTIONS,62357385864618711,FNBRF,AAUT,,2590451916851902007,CACC,250205,85000.00,,,1,false,false,ACTIVE,,100000000207,2
COLLECTIONS,62539548436473238,FNBRF,AAUT,,2590451916851902009,CACC,250205,250000.00,,,1,false,false,ACTIVE,,100000000209,2
COLLECTIONS,62715270961331344,FNBRF,AAUT,,2590451916851902004,CACC,250205,75000.00,,,1,false,false,ACTIVE,,100000000204,2
COLLECTIONS,62796524456709879,FNBRF,AAUT,,2590451916851902008,CACC,250205,300000.00,,,1,false,false,ACTIVE,,100000000208,2
COLLECTIONS,62951744441790616,FNBRF,AAUT,,2590451916851902002,CACC,250205,95000.00,,,1,false,false,ACTIVE,,100000000202,2
MANDATES,62001482970090167,FNBCC,ACTIVE,CC,,,,,,,,,,,,,
MANDATES,62025988167735481,FNBCC,ACTIVE,TRN,,,,,,,,,,,,,
MANDATES,62030708736532664,FNBCC,ACTIVE,TRN,,,,,,,,,,,,,
MANDATES,62032508308755214,FNBCC,ACTIVE,TRN,,,,,,,,,,,,,
MANDATES,62042008313943907,FNBRF,ACTIVE,TRN,,,,,,,,,,,,,
MANDATES,62056783379044426,FNBCC,ACTIVE,TRN,,,,,,,,,,,,,
MANDATES,62061337745888197,FNBCC,ACTIVE,CHQ,,,,,,,,,,,,,
MANDATES,62070343696265312,FNBCC,ACTIVE,SAV,,,,,,,,,,,,,
MANDATES,62085282659955316,FNBRF,ACTIVE,TRN,,,,,,,,,,,,,
MANDATES,62094402221154650,FNBCC,ACTIVE,CHQ,,,,,,,,,,,,,
MANDATES,62105042425401097,FNBRF,ACTIVE,TRN,,,,,,,,,,,,,
MANDATES,62109145135566199,FNBRF,ACTIVE,TRN,,,,,,,,,,,,,
MANDATES,62116338722884921,FNBCC,ACTIVE,CHQ,,,,,,,,,,,,,
MANDATES,62142728535602389,FNBRF,ACTIVE,CHQ,,,,,,,,,,,,,
MANDATES,62156194462854359,FNBRF,ACTIVE,SAV,,,,,,,,,,,,,
MANDATES,62194510590128934,FNBCC,ACTIVE,SAV,,,,,,,,,,,,,
MANDATES,62198266519758447,FNBCC,ACTIVE,CC,,,,,,,,,,,,,
MANDATES,62200337362482435,FNBRF,ACTIVE,CHQ,,,,,,,,,,,,,
MANDATES,62222019817112257,FNBCC,ACTIVE,CHQ,,,,,,,,,,,,,
MANDATES,62226569907288614,FNBRF,ACTIVE,TRN,,,,,,,,,,,,,
MANDATES,62252732027868966,FNBCC,ACTIVE,TRN,,,,,,,,,,,,,
MANDATES,62253923183350978,FNBRF,ACTIVE,TRN,,,,,,,,,,,,,
MANDATES,62254875275045808,FNBCC,ACTIVE,TRN,,,,,,,,,,,,,
MANDATES,62255002728315278,FNBCC,ACTIVE,TRN,,,,,,,,,,,,,
MANDATES,62257083694259802,FNBRF,ACTIVE,SAV,,,,,,,,,,,,,
MANDATES,62268219176455254,FNBCC,ACTIVE,TRN,,,,,,,,,,,,,
MANDATES,62273709592414632,FNBRF,ACTIVE,CHQ,,,,,,,,,,,,,
MANDATES,62291550204886699,FNBCC,ACTIVE,TRN,,,,,,,,,,,,,
MANDATES,62312099145049459,FNBCC,ACTIVE,TRN,,,,,,,,,,,,,
MANDATES,62329584720905911,FNBCC,ACTIVE,TRN,,,,,,,,,,,,,
MANDATES,62330324750657911,FNBRF,ACTIVE,TRN,,,,,,,,,,,,,
MANDATES,62331867562904217,FNBCC,ACTIVE,TRN,,,,,,,,,,,,,
MANDATES,62379224324085381,FNBRF,ACTIVE,TRN,,,,,,,,,,,,,
MANDATES,62387072011509798,FNBRF,ACTIVE,SAV,,,,,,,,,,,,,
MANDATES,62387974585811819,FNBRF,ACTIVE,SAV,,,,,,,,,,,,,
MANDATES,62393117912604830,FNBRF,ACTIVE,TRN,,,,,,,,,,,,,
MANDATES,62401360169368614,FNBRF,ACTIVE,TRN,,,,,,,,,,,,,
MANDATES,62404251458277038,FNBRF,ACTIVE,CC,,,,,,,,,,,,,
MANDATES,62417473486239799,FNBCC,ACTIVE,CHQ,,,,,,,,,,,,,
MANDATES,62425862968784216,FNBRF,ACTIVE,TRN,,,,,,,,,,,,,
MANDATES,62435195287214682,FNBRF,ACTIVE,TRN,,,,,,,,,,,,,
MANDATES,62435790007621181,FNBCC,ACTIVE,TRN,,,,,,,,,,,,,
MANDATES,62437006469091885,FNBRF,ACTIVE,TRN,,,,,,,,,,,,,
MANDATES,62448838738609460,FNBCC,ACTIVE,SAV,,,,,,,,,,,,,
MANDATES,62454267979193807,FNBCC,ACTIVE,CC,,,,,,,,,,,,,
MANDATES,62464372317868100,FNBRF,ACTIVE,CHQ,,,,,,,,,,,,,
MANDATES,62468648748036585,FNBRF,ACTIVE,CC,,,,,,,,,,,,,
MANDATES,62489690441586290,FNBCC,ACTIVE,TRN,,,,,,,,,,,,,
MANDATES,62490627257574842,FNBRF,ACTIVE,CHQ,,,,,,,,,,,,,
MANDATES,62492343856480059,FNBCC,ACTIVE,CC,,,,,,,,,,,,,
MANDATES,62494218764150329,FNBCC,ACTIVE,CC,,,,,,,,,,,,,
MANDATES,62497774258013186,FNBRF,ACTIVE,TRN,,,,,,,,,,,,,
MANDATES,62515597026692759,FNBCC,ACTIVE,SAV,,,,,,,,,,,,,
MANDATES,62529802174259656,FNBRF,ACTIVE,TRN,,,,,,,,,,,,,
MANDATES,62530448880496463,FNBCC,ACTIVE,CHQ,,,,,,,,,,,,,
MANDATES,62536091269301568,FNBCC,ACTIVE,CC,,,,,,,,,,,,,
MANDATES,62541771464553718,FNBCC,ACTIVE,CC,,,,,,,,,,,,,
MANDATES,62560959708542388,FNBRF,ACTIVE,SAV,,,,,,,,,,,,,
MANDATES,62569506531057629,FNBCC,ACTIVE,CC,,,,,,,,,,,,,
MANDATES,62599491134377647,FNBRF,ACTIVE,TRN,,,,,,,,,,,,,
MANDATES,62611554481478246,FNBRF,ACTIVE,SAV,,,,,,,,,,,,,
MANDATES,62622253224127353,FNBCC,ACTIVE,CHQ,,,,,,,,,,,,,
MANDATES,62643604995894609,FNBCC,ACTIVE,TRN,,,,,,,,,,,,,
MANDATES,62654662590905530,FNBCC,ACTIVE,SAV,,,,,,,,,,,,,
MANDATES,62657200953522054,FNBCC,ACTIVE,SAV,,,,,,,,,,,,,
MANDATES,62661715506662504,FNBRF,ACTIVE,TRN,,,,,,,,,,,,,
MANDATES,62664878179388056,FNBCC,ACTIVE,SAV,,,,,,,,,,,,,
MANDATES,62668542884083216,FNBRF,ACTIVE,TRN,,,,,,,,,,,,,
MANDATES,62672382543653990,FNBRF,ACTIVE,TRN,,,,,,,,,,,,,
MANDATES,62677448991744788,FNBRF,ACTIVE,TRN,,,,,,,,,,,,,
MANDATES,62681769356319023,FNBRF,ACTIVE,CHQ,,,,,,,,,,,,,
MANDATES,62696721282627611,FNBCC,ACTIVE,CC,,,,,,,,,,,,,
MANDATES,62697671237591278,FNBRF,ACTIVE,SAV,,,,,,,,,,,,,
MANDATES,62719411557505878,FNBCC,ACTIVE,TRN,,,,,,,,,,,,,
MANDATES,62727292061771358,FNBCC,ACTIVE,TRN,,,,,,,,,,,,,
MANDATES,62729554117986312,FNBRF,ACTIVE,CC,,,,,,,,,,,,,
MANDATES,62736337421426333,FNBCC,ACTIVE,TRN,,,,,,,,,,,,,
MANDATES,62764962526814128,FNBCC,ACTIVE,TRN,,,,,,,,,,,,,
MANDATES,62775402571510857,FNBCC,ACTIVE,TRN,,,,,,,,,,,,,
MANDATES,62782537787682908,FNBRF,ACTIVE,SAV,,,,,,,,,,,,,
MANDATES,62798725835758047,FNBCC,ACTIVE,CHQ,,,,,,,,,,,,,
MANDATES,62845860423565548,FNBRF,ACTIVE,CC,,,,,,,,,,,,,
MANDATES,62866135468500458,FNBCC,ACTIVE,CC,,,,,,,,,,,,,
MANDATES,62866618400197106,FNBRF,ACTIVE,SAV,,,,,,,,,,,,,
MANDATES,62881895597015326,FNBRF,ACTIVE,SAV,,,,,,,,,,,,,
MANDATES,62901938093122884,FNBCC,ACTIVE,SAV,,,,,,,,,,,,,
MANDATES,62902576347321860,FNBRF,ACTIVE,CHQ,,,,,,,,,,,,,
MANDATES,62904929521214058,FNBRF,ACTIVE,TRN,,,,,,,,,,,,,
MANDATES,62919269173697309,FNBRF,ACTIVE,TRN,,,,,,,,,,,,,
MANDATES,62923308323669443,FNBRF,ACTIVE,TRN,,,,,,,,,,,,,
MANDATES,62928361023616874,FNBRF,ACTIVE,CHQ,,,,,,,,,,,,,
MANDATES,62936213671379905,FNBRF,ACTIVE,CHQ,,,,,,,,,,,,,
MANDATES,62950825402315397,FNBCC,ACTIVE,SAV,,,,,,,,,,,,,
MANDATES,62958816186831965,FNBRF,ACTIVE,CC,,,,,,,,,,,,,
MANDATES,62962414213014688,FNBCC,ACTIVE,TRN,,,,,,,,,,,,,
MANDATES,62964184447247961,FNBRF,ACTIVE,TRN,,,,,,,,,,,,,
MANDATES,62972858063695998,FNBRF,ACTIVE,CHQ,,,,,,,,,,,,,
MANDATES,62980903847061738,FNBCC,ACTIVE,TRN,,,,,,,,,,,,,
MANDATES,62983425522373617,FNBRF,ACTIVE,CHQ,,,,,,,,,,,,,
MANDATES,62984352840932569,FNBCC,ACTIVE,SAV,,,,,,,,,,,,,
