file_name,toolkit_version,line_no,sequence,wire_action,action_code,mandate_ref,contract_ref,creditor_account,debtor_account,currency,amount,amount_minor,amount_scale,account_type_code,mandates_allowed,dup_in_file,known_ref,maf_score,maf_threshold,fault,expected_mrv_outcome,expected_maf_outcome,expected_spine_state,accounts_fpr,mandates_fpr,expiry_date
FNBRF01_FNB1MB2026072612000001.txt,1.0,2,1,CRE,CREATE,MREQ00000001,CT0000000001,62000000010,62681769356319023,ZAR,17312.38,1731238,2,CHQ,true,false,false,750,600,NONE,PASS,PASS,SCORE_PASSED,c5718e01762ebee79ae099fa90ba0bc0af86fa96c2d84ed92a360756676b9fd3,,
FNBRF01_FNB1MB2026072612000001.txt,1.0,3,2,CRE,CREATE,MREQ00000002,CT0000000002,62000000010,62492343856480059,ZAR,3334.88,333488,2,CC,true,false,false,763,600,NONE,PASS,PASS,SCORE_PASSED,c5718e01762ebee79ae099fa90ba0bc0af86fa96c2d84ed92a360756676b9fd3,,
FNBRF01_FNB1MB2026072612000001.txt,1.0,4,3,CRE,CREATE,MREQ00000003,CT0000000003,62000000010,62845860423565548,ZAR,17286.36,1728636,2,CC,true,false,false,802,600,NONE,PASS,PASS,SCORE_PASSED,c5718e01762ebee79ae099fa90ba0bc0af86fa96c2d84ed92a360756676b9fd3,,
FNBRF01_FNB1MB2026072612000001.txt,1.0,5,4,CRE,CREATE,MREQ00000004,CT0000000004,62000000010,62253923183350978,ZAR,24341.07,2434107,2,TRN,true,false,false,737,600,NONE,PASS,PASS,SCORE_PASSED,c5718e01762ebee79ae099fa90ba0bc0af86fa96c2d84ed92a360756676b9fd3,,
FNBRF01_FNB1MB2026072612000001.txt,1.0,6,5,CRE,CREATE,MREQ00000005,CT0000000005,62000000010,62923308323669443,ZAR,2716.54,271654,2,TRN,true,false,false,698,600,NONE,PASS,PASS,SCORE_PASSED,c5718e01762ebee79ae099fa90ba0bc0af86fa96c2d84ed92a360756676b9fd3,,
FNBRF01_FNB1MB2026072612000001.txt,1.0,7,6,CRE,CREATE,MREQ00000006,CT0000000006,62000000010,62541771464553718,ZAR,10748.17,1074817,2,CC,true,false,false,737,600,NONE,PASS,PASS,SCORE_PASSED,c5718e01762ebee79ae099fa90ba0bc0af86fa96c2d84ed92a360756676b9fd3,,
FNBRF01_FNB1MB2026072612000001.txt,1.0,8,7,CRE,CREATE,MREQ00000007,CT0000000007,62000000010,62902576347321860,ZAR,5331.79,533179,2,CHQ,true,false,false,672,600,NONE,PASS,PASS,SCORE_PASSED,c5718e01762ebee79ae099fa90ba0bc0af86fa96c2d84ed92a360756676b9fd3,,
FNBRF01_FNB1MB2026072612000001.txt,1.0,9,8,CRE,CREATE,MREQ00000008,CT0000000008,62000000010,62379224324085381,ZAR,3837.68,383768,2,TRN,true,false,false,646,600,NONE,PASS,PASS,SCORE_PASSED,c5718e01762ebee79ae099fa90ba0bc0af86fa96c2d84ed92a360756676b9fd3,,
FNBRF01_FNB1MB2026072612000001.txt,1.0,10,9,CRE,CREATE,MREQ00000009,CT0000000009,62000000010,62958816186831965,ZAR,18048.27,1804827,2,CC,true,false,false,394,600,BELOW_SCORE,PASS,FAIL_SCORE_BELOW_THRESHOLD,SCORE_DECLINED,c5718e01762ebee79ae099fa90ba0bc0af86fa96c2d84ed92a360756676b9fd3,,
FNBRF01_FNB1MB2026072612000001.txt,1.0,11,10,CRE,CREATE,MREQ00000010,CT0000000010,62000000010,62497774258013186,ZAR,24761.76,2476176,2,TRN,true,false,false,789,600,NONE,PASS,PASS,SCORE_PASSED,c5718e01762ebee79ae099fa90ba0bc0af86fa96c2d84ed92a360756676b9fd3,,
FNBRF01_FNB1MB2026072612000001.txt,1.0,12,11,CRE,CREATE,MREQ00000011,CT0000000011,62000000010,62025988167735481,ZAR,10763.52,1076352,2,TRN,true,false,false,815,600,NONE,PASS,PASS,SCORE_PASSED,c5718e01762ebee79ae099fa90ba0bc0af86fa96c2d84ed92a360756676b9fd3,,
FNBRF01_FNB1MB2026072612000001.txt,1.0,13,12,CRE,CREATE,MREQ00000012,CT0000000012,62000000010,62661715506662504,ZAR,17725.44,1772544,2,TRN,true,false,false,633,600,NONE,PASS,PASS,SCORE_PASSED,c5718e01762ebee79ae099fa90ba0bc0af86fa96c2d84ed92a360756676b9fd3,,
