id,product_code,account_number,app_no,acc_type,branch_code,balance,max_credit_limit,cancel_reason,country_id,edr_ind,pre_ind,process_status,status,status_reason,ucn,client_id,create_date
1,FNBRF,62114052700219584,2590451916851902001,CACC,250205,75000.00,,,1,False,False,ACTIVE,AAUT,,100000000201,2,2026-07-27T00:00:00Z
2,FNBRF,62951744441790616,2590451916851902002,CACC,250205,95000.00,,,1,False,False,ACTIVE,AAUT,,100000000202,2,2026-07-27T00:00:00Z
3,FNBRF,62194840710758320,2590451916851902003,CACC,250205,150000.00,,,1,False,False,ACTIVE,AAUT,,100000000203,2,2026-07-27T00:00:00Z
4,FNBRF,62715270961331344,2590451916851902004,CACC,250205,75000.00,,,1,False,False,ACTIVE,AAUT,,100000000204,2,2026-07-27T00:00:00Z
5,FNBRF,62085856711390458,2590451916851902005,CACC,250205,100000.00,,,1,False,False,ACTIVE,AAUT,,100000000205,2,2026-07-27T00:00:00Z
6,FNBRF,62302525712117412,2590451916851902006,CACC,250205,10000.00,,,1,False,False,ACTIVE,AAUT,,100000000206,2,2026-07-27T00:00:00Z
7,FNBRF,62357385864618711,2590451916851902007,CACC,250205,85000.00,,,1,False,False,ACTIVE,AAUT,,100000000207,2,2026-07-27T00:00:00Z
8,FNBRF,62796524456709879,2590451916851902008,CACC,250205,300000.00,,,1,False,False,ACTIVE,AAUT,,100000000208,2,2026-07-27T00:00:00Z
9,FNBRF,62539548436473238,2590451916851902009,CACC,250205,250000.00,,,1,False,False,ACTIVE,AAUT,,100000000209,2,2026-07-27T00:00:00Z
10,FNBRF,62090449463877041,2590451916851902010,CACC,250205,300000.00,,,1,False,False,ACTIVE,AAUT,,100000000210,2,2026-07-27T00:00:00Z
